{
  "recommended_ensemble_weights": {
    "segresnet": 0.4995,
    "tta4": 0.5005,
    "swinunetr": 0.0,
    "nnunet": 0.0
  },
  "mean_dice_per_model": {
    "segresnet": {
      "tc": 0.9453724303568691,
      "wt": 0.9315597904446238,
      "et": 0.8793152496744387
    },
    "tta4": {
      "tc": 0.9467027164827237,
      "wt": 0.9324277546629129,
      "et": 0.8823779032668788
    },
    "ensemble": {
      "tc": 0.9471007300156286,
      "wt": 0.9327663235114108,
      "et": 0.8813077988085108
    }
  },
  "n_cases": 20
}