{
  "recommended_ensemble_weights": {
    "segresnet": 0.3297,
    "tta4": 0.3308,
    "swinunetr": 0.3394,
    "nnunet": 0.0
  },
  "mean_dice_per_model": {
    "segresnet": {
      "tc": 0.9358361788347418,
      "wt": 0.9228286555648026,
      "et": 0.8557327546019711
    },
    "tta4": {
      "tc": 0.9374310444645646,
      "wt": 0.9259687523807993,
      "et": 0.8604057429094412
    },
    "swinunetr": {
      "tc": 0.9510628941074044,
      "wt": 0.9416259254499963,
      "et": 0.9019161202422804
    },
    "ensemble": {
      "tc": 0.9481834213285186,
      "wt": 0.9362165767024376,
      "et": 0.8859698398948739
    }
  },
  "n_cases": 50
}