{
  "tc": {
    "A": 11.157566993187304,
    "B": -6.674245425986854
  },
  "wt": {
    "A": 10.167382946126171,
    "B": -5.770974551055082
  },
  "et": {
    "A": 10.166860635715423,
    "B": -6.289867432391924
  }
}