{
  "tc": {
    "A": 11.434096393698017,
    "B": -6.8263911242082775
  },
  "wt": {
    "A": 10.559420303980735,
    "B": -6.133532691709259
  },
  "et": {
    "A": 10.264640894357354,
    "B": -6.5735723376574215
  }
}